{
  "accounts": {
    "200": {
      "2023-07": 50473.67,
      "2023-08": 52696.38,
      "2023-09": 45749.76,
      "2023-10": 45075.18,
      "2023-11": 42259.5,
      "2023-12": 53440.28,
      "2024-01": 38698.88,
      "2024-02": 40163.35,
      "2024-03": 48106.55,
      "2024-04": 46236.04,
      "2024-05": 42032.57,
      "2024-06": 47521.94,
      "2024-07": 49047.89,
      "2024-08": 35752.68,
      "2024-09": 48805.899999999994,
      "2024-10": 46637.96,
      "2024-11": 47925.05,
      "2024-12": 52147.32,
      "2025-01": 46294.52,
      "2025-02": 40715.59,
      "2025-03": 51336.04,
      "2025-04": 51130.159999999996,
      "2025-05": 52530.97,
      "2025-06": 47608.170000000006,
      "2025-07": 54595.84,
      "2025-08": 52359.03,
      "2025-09": 42291.7,
      "2025-10": 43098.62,
      "2025-11": 45367.36,
      "2025-12": 58138.590000000004,
      "2026-01": 41522.380000000005,
      "2026-02": 39284.48,
      "2026-03": 49743.439999999995,
      "2026-04": 45765.810000000005,
      "2026-05": 45189.01,
      "2026-06": 51390.42
    },
    "310": {
      "2023-07": 15133.88,
      "2023-08": 14281.500000000002,
      "2023-09": 13610.480000000001,
      "2023-10": 13186.31,
      "2023-11": 12366.850000000002,
      "2023-12": 15528.080000000002,
      "2024-01": 10966.970000000001,
      "2024-02": 12450.730000000001,
      "2024-03": 14843.169999999998,
      "2024-04": 13723.68,
      "2024-05": 12375.849999999999,
      "2024-06": 14258.239999999998,
      "2024-07": 15184.72,
      "2024-08": 10558.16,
      "2024-09": 14491.49,
      "2024-10": 14207.9,
      "2024-11": 13871.349999999999,
      "2024-12": 14599.039999999999,
      "2025-01": 12414.400000000001,
      "2025-02": 11822.0,
      "2025-03": 13669.590000000002,
      "2025-04": 13739.66,
      "2025-05": 13691.919999999998,
      "2025-06": 12502.830000000002,
      "2025-07": 16387.25,
      "2025-08": 16005.779999999999,
      "2025-09": 13194.88,
      "2025-10": 11997.310000000001,
      "2025-11": 12307.07,
      "2025-12": 16816.77,
      "2026-01": 12617.04,
      "2026-02": 11798.44,
      "2026-03": 13149.460000000001,
      "2026-04": 13659.79,
      "2026-05": 13499.740000000002,
      "2026-06": 14519.469999999998
    },
    "WET": {
      "2023-07": 4330.26,
      "2023-08": 3923.28,
      "2023-09": 3703.89,
      "2023-10": 3741.02,
      "2023-11": 3673.93,
      "2023-12": 4235.26,
      "2024-01": 3275.13,
      "2024-02": 3481.25,
      "2024-03": 4244.4,
      "2024-04": 3710.83,
      "2024-05": 3666.51,
      "2024-06": 4241.92,
      "2024-07": 4451.69,
      "2024-08": 3089.53,
      "2024-09": 3785.39,
      "2024-10": 3858.3,
      "2024-11": 3976.73,
      "2024-12": 3830.56,
      "2025-01": 3469.59,
      "2025-02": 3444.65,
      "2025-03": 3823.53,
      "2025-04": 3709.37,
      "2025-05": 3943.77,
      "2025-06": 3707.93,
      "2025-07": 4733.32,
      "2025-08": 4405.0,
      "2025-09": 3926.04,
      "2025-10": 3180.97,
      "2025-11": 3610.43,
      "2025-12": 4765.56,
      "2026-01": 3655.1,
      "2026-02": 3124.97,
      "2026-03": 3707.04,
      "2026-04": 3774.34,
      "2026-05": 3598.19,
      "2026-06": 4265.31
    },
    "DRY": {
      "2023-07": 10803.619999999999,
      "2023-08": 10358.22,
      "2023-09": 9906.59,
      "2023-10": 9445.289999999999,
      "2023-11": 8692.92,
      "2023-12": 11292.82,
      "2024-01": 7691.84,
      "2024-02": 8969.480000000001,
      "2024-03": 10598.769999999999,
      "2024-04": 10012.85,
      "2024-05": 8709.34,
      "2024-06": 10016.32,
      "2024-07": 10733.03,
      "2024-08": 7468.629999999999,
      "2024-09": 10706.1,
      "2024-10": 10349.599999999999,
      "2024-11": 9894.619999999999,
      "2024-12": 10768.48,
      "2025-01": 8944.810000000001,
      "2025-02": 8377.349999999999,
      "2025-03": 9846.060000000001,
      "2025-04": 10030.29,
      "2025-05": 9748.15,
      "2025-06": 8794.9,
      "2025-07": 11653.93,
      "2025-08": 11600.78,
      "2025-09": 9268.84,
      "2025-10": 8816.34,
      "2025-11": 8696.64,
      "2025-12": 12051.21,
      "2026-01": 8961.94,
      "2026-02": 8673.47,
      "2026-03": 9442.42,
      "2026-04": 9885.45,
      "2026-05": 9901.55,
      "2026-06": 10254.16
    },
    "320": {
      "2023-07": 13177.68,
      "2023-08": 14122.35,
      "2023-09": 12197.31,
      "2023-10": 11778.42,
      "2023-11": 11425.5,
      "2023-12": 13942.93,
      "2024-01": 10184.68,
      "2024-02": 10459.56,
      "2024-03": 12802.24,
      "2024-04": 12152.89,
      "2024-05": 10891.21,
      "2024-06": 12931.37,
      "2024-07": 12805.67,
      "2024-08": 11850.94,
      "2024-09": 12545.72,
      "2024-10": 12744.59,
      "2024-11": 11688.68,
      "2024-12": 13091.94,
      "2025-01": 11240.19,
      "2025-02": 10420.54,
      "2025-03": 12605.58,
      "2025-04": 12024.2,
      "2025-05": 11566.64,
      "2025-06": 11306.76,
      "2025-07": 14807.01,
      "2025-08": 14291.5,
      "2025-09": 11570.45,
      "2025-10": 15960.0,
      "2025-11": 11627.38,
      "2025-12": 14426.22,
      "2026-01": 10491.03,
      "2026-02": 10749.65,
      "2026-03": 12532.2,
      "2026-04": 11810.68,
      "2026-05": 11113.89,
      "2026-06": 12644.46
    },
    "469": {
      "2023-07": 4000.0,
      "2023-08": 4000.0,
      "2023-09": 4000.0,
      "2023-10": 4000.0,
      "2023-11": 4000.0,
      "2023-12": 4000.0,
      "2024-01": 4000.0,
      "2024-02": 4000.0,
      "2024-03": 4000.0,
      "2024-04": 4000.0,
      "2024-05": 4000.0,
      "2024-06": 4000.0,
      "2024-07": 4000.0,
      "2024-08": 4000.0,
      "2024-09": 4000.0,
      "2024-10": 4000.0,
      "2024-11": 4000.0,
      "2024-12": 4000.0,
      "2025-01": 4000.0,
      "2025-02": 4000.0,
      "2025-03": 4000.0,
      "2025-04": 4000.0,
      "2025-05": 4000.0,
      "2025-06": 4000.0,
      "2025-07": 4000.0,
      "2025-08": 4120.0,
      "2025-09": 4120.0,
      "2025-10": 4120.0,
      "2025-11": 4120.0,
      "2025-12": 4120.0,
      "2026-01": 4120.0,
      "2026-02": 4120.0,
      "2026-03": 4120.0,
      "2026-04": 4120.0,
      "2026-05": 4120.0,
      "2026-06": 4120.0
    },
    "404": {
      "2023-07": 104.61,
      "2023-08": 123.08,
      "2023-09": 129.98,
      "2023-10": 135.6,
      "2023-11": 122.81,
      "2023-12": 107.99,
      "2024-01": 121.25,
      "2024-02": 105.69,
      "2024-03": 105.09,
      "2024-04": 108.01,
      "2024-05": 111.33,
      "2024-06": 125.51,
      "2024-07": 131.03,
      "2024-08": 123.11,
      "2024-09": 107.39,
      "2024-10": 124.05,
      "2024-11": 117.42,
      "2024-12": 114.21,
      "2025-01": 103.43,
      "2025-02": 130.86,
      "2025-03": 135.56,
      "2025-04": 125.63,
      "2025-05": 115.71,
      "2025-06": 105.02,
      "2025-07": 129.52,
      "2025-08": 126.96,
      "2025-09": 105.31,
      "2025-10": 111.14,
      "2025-11": 137.21,
      "2025-12": 127.32,
      "2026-01": 120.0,
      "2026-02": 156.22,
      "2026-03": 189.14,
      "2026-04": 232.86,
      "2026-05": 260.63,
      "2026-06": 291.01
    },
    "406": {
      "2023-07": 446.97,
      "2023-08": 452.79,
      "2023-09": 451.58,
      "2023-10": 448.09,
      "2023-11": 380.38,
      "2023-12": 443.57,
      "2024-01": 339.38,
      "2024-02": 368.16,
      "2024-03": 423.99,
      "2024-04": 423.49,
      "2024-05": 417.42,
      "2024-06": 396.54,
      "2024-07": 475.48,
      "2024-08": 320.08,
      "2024-09": 435.48,
      "2024-10": 425.44,
      "2024-11": 387.42,
      "2024-12": 432.32,
      "2025-01": 374.85,
      "2025-02": 371.17,
      "2025-03": 439.11,
      "2025-04": 438.07,
      "2025-05": 443.72,
      "2025-06": 405.6,
      "2025-07": 496.24,
      "2025-08": 431.79,
      "2025-09": 403.77,
      "2025-10": 376.86,
      "2025-11": 350.22,
      "2025-12": 948.93,
      "2026-01": 694.68,
      "2026-02": 689.44,
      "2026-03": 392.38,
      "2026-04": 369.24,
      "2026-05": 394.36,